Species Name,Abundances,Site,Year
Abarema macradenia,1,BCI,1995
Acacia melanoceras,3,BCI,1995
Acalypha diversifolia,2,BCI,1995
Acalypha macrostachya,1,BCI,1995
Adelia triloba,92,BCI,1995
Aegiphila panamensis,23,BCI,1995
Alchornea costaricensis,156,BCI,1995
Alchornea latifolia,1,BCI,1995
Alibertia edulis,1,BCI,1995
Allophylus psilospermus,27,BCI,1995
Alseis blackiana,981,BCI,1995
Amaioua corymbosa,2,BCI,1995
Anacardium excelsum,22,BCI,1995
Andira inermis,28,BCI,1995
Annona acuminata,0,BCI,1995
Annona spraguei,27,BCI,1995
Apeiba 'hybrid',0,BCI,1995
Apeiba membranacea,235,BCI,1995
Apeiba tibourbou,21,BCI,1995
Ardisia fendleri,0,BCI,1995
Aspidosperma spruceanum,51,BCI,1995
Astrocaryum standleyanum,201,BCI,1995
Astronium graveolens,40,BCI,1995
Attalea butyracea,33,BCI,1995
Banara guianensis,1,BCI,1995
Beilschmiedia pendula,295,BCI,1995
Brosimum alicastrum,188,BCI,1995
Brosimum guianense,1,BCI,1995
Calophyllum longifolium,55,BCI,1995
Capparis frondosa,0,BCI,1995
Casearia aculeata,23,BCI,1995
Casearia arborea,101,BCI,1995
Casearia commersoniana,3,BCI,1995
Casearia guianensis,2,BCI,1995
Casearia sylvestris,55,BCI,1995
Cassipourea elliptica,86,BCI,1995
Cavanillesia platanifolia,19,BCI,1995
Cecropia insignis,263,BCI,1995
Cecropia longipes,1,BCI,1995
Cecropia obtusifolia,25,BCI,1995
Cedrela odorata,2,BCI,1995
Ceiba pentandra,39,BCI,1995
Celtis schippii,38,BCI,1995
Cespedesia spathulata,2,BCI,1995
Chamguava schippii,3,BCI,1995
Chimarrhis parviflora,2,BCI,1995
Chrysochlamys eclipes,2,BCI,1995
Chrysophyllum argenteum,86,BCI,1995
Chrysophyllum cainito,25,BCI,1995
Cinnamomum triplinerve,16,BCI,1995
Coccoloba coronata,22,BCI,1995
Coccoloba manzinellensis,13,BCI,1995
Cojoba rufescens,0,BCI,1995
Colubrina glandulosa,1,BCI,1995
Cordia alliodora,63,BCI,1995
Cordia bicolor,326,BCI,1995
Cordia lasiocalyx,364,BCI,1995
Coussarea curvigemmia,55,BCI,1995
Coutarea hexandra,0,BCI,1995
Croton billbergianus,98,BCI,1995
Cupania cinerea,1,BCI,1995
Cupania latifolia,12,BCI,1995
Cupania rufescens,4,BCI,1995
Cupania seemannii,47,BCI,1995
Dendropanax arboreus,87,BCI,1995
Desmopsis panamensis,13,BCI,1995
Diospyros artanthifolia,16,BCI,1995
Dipteryx oleifera,33,BCI,1995
Drypetes standleyi,286,BCI,1995
Elaeis oleifera,21,BCI,1995
Enterolobium schomburgkii,2,BCI,1995
Erythrina costaricensis,26,BCI,1995
Erythroxylum macrophyllum,18,BCI,1995
Eugenia coloradoensis,81,BCI,1995
Eugenia galalonensis,12,BCI,1995
Eugenia nesiotica,55,BCI,1995
Eugenia oerstediana,177,BCI,1995
Faramea occidentalis,1717,BCI,1995
Ficus bullenei,0,BCI,1995
Ficus colubrinae,1,BCI,1995
Ficus costaricana,7,BCI,1995
Ficus insipida,3,BCI,1995
Ficus maxima,3,BCI,1995
Ficus obtusifolia,7,BCI,1995
Ficus popenoei,3,BCI,1995
Ficus tonduzii,23,BCI,1995
Ficus trigonata,5,BCI,1995
Ficus yoponensis,6,BCI,1995
Garcinia intermedia,93,BCI,1995
Garcinia madruno,11,BCI,1995
Genipa americana,23,BCI,1995
Guapira standleyana,100,BCI,1995
Guarea 'fuzzy',68,BCI,1995
Guarea grandifolia,10,BCI,1995
Guarea guidonia,376,BCI,1995
Guatteria dumetorum,245,BCI,1995
Guazuma ulmifolia,38,BCI,1995
Guettarda foliacea,84,BCI,1995
Gustavia superba,644,BCI,1995
Hamelia axillaris,0,BCI,1995
Hampea appendiculata,13,BCI,1995
Hasseltia floribunda,229,BCI,1995
Heisteria acuminata,7,BCI,1995
Heisteria concinna,288,BCI,1995
Hieronyma alchorneoides,41,BCI,1995
Hirtella americana,5,BCI,1995
Hirtella triandra,681,BCI,1995
Hura crepitans,101,BCI,1995
Hybanthus prunifolius,0,BCI,1995
Inga acuminata,26,BCI,1995
Inga cocleensis,13,BCI,1995
Inga goldmanii,49,BCI,1995
Inga laurina,10,BCI,1995
Inga marginata,98,BCI,1995
Inga nobilis,67,BCI,1995
Inga oerstediana,2,BCI,1995
Inga pezizifera,20,BCI,1995
Inga punctata,10,BCI,1995
Inga ruiziana,5,BCI,1995
Inga sapindoides,76,BCI,1995
Inga spectabilis,14,BCI,1995
Inga thibaudiana,25,BCI,1995
Inga umbellifera,14,BCI,1995
Jacaranda copaia,237,BCI,1995
Lacistema aggregatum,33,BCI,1995
Lacmellea panamensis,51,BCI,1995
Laetia procera,12,BCI,1995
Laetia thamnia,27,BCI,1995
Lafoensia punicifolia,5,BCI,1995
Licania hypoleuca,14,BCI,1995
Licania platypus,10,BCI,1995
Lindackeria laurina,64,BCI,1995
Lonchocarpus heptaphyllus,121,BCI,1995
Lozania pittieri,0,BCI,1995
Luehea seemannii,92,BCI,1995
Maclura tinctoria,1,BCI,1995
Macrocnemum roseum,25,BCI,1995
Maquira guianensis,166,BCI,1995
Margaritaria nobilis,2,BCI,1995
Marila laxiflora,10,BCI,1995
Maytenus schippii,21,BCI,1995
Miconia affinis,8,BCI,1995
Miconia argentea,70,BCI,1995
Miconia elata,1,BCI,1995
Miconia hondurensis,7,BCI,1995
Miconia prasina,0,BCI,1995
Mosannona garwoodii,15,BCI,1995
Mouriri myrtilloides,0,BCI,1995
Myrcia gatunensis,5,BCI,1995
Myrospermum frutescens,7,BCI,1995
Nectandra 'fuzzy',0,BCI,1995
Nectandra cissiflora,33,BCI,1995
Nectandra lineata,10,BCI,1995
Nectandra purpurea,3,BCI,1995
Ochroma pyramidale,5,BCI,1995
Ocotea cernua,31,BCI,1995
Ocotea oblonga,36,BCI,1995
Ocotea puberula,23,BCI,1995
Ocotea whitei,181,BCI,1995
Oenocarpus mapora,788,BCI,1995
Ormosia amazonica,1,BCI,1995
Ormosia coccinea,5,BCI,1995
Ormosia macrocalyx,3,BCI,1995
Pachira quinata,1,BCI,1995
Pachira sessilis,9,BCI,1995
Pentagonia macrophylla,0,BCI,1995
Perebea xanthochyma,21,BCI,1995
Picramnia latifolia,45,BCI,1995
Piper cordulatum,0,BCI,1995
Piper reticulatum,9,BCI,1995
Platymiscium pinnatum,61,BCI,1995
Platypodium elegans,43,BCI,1995
Posoqueria latifolia,15,BCI,1995
Poulsenia armata,755,BCI,1995
Pourouma bicolor,13,BCI,1995
Pouteria fossicola,2,BCI,1995
Pouteria reticulata,201,BCI,1995
Pouteria stipitata,31,BCI,1995
Prioria copaifera,344,BCI,1995
Protium confusum,0,BCI,1995
Protium costaricense,111,BCI,1995
Protium panamense,50,BCI,1995
Protium tenuifolium,381,BCI,1995
Pseudobombax septenatum,8,BCI,1995
Psidium friedrichsthalianum,4,BCI,1995
Psychotria grandis,2,BCI,1995
Psychotria horizontalis,0,BCI,1995
Pterocarpus belizensis,0,BCI,1995
Pterocarpus rohrii,79,BCI,1995
Quararibea asterolepis,724,BCI,1995
Quassia amara,4,BCI,1995
Randia armata,248,BCI,1995
Rinorea sylvatica,0,BCI,1995
Sapium 'broadleaf',3,BCI,1995
Sapium glandulosum,17,BCI,1995
Schefflera morototoni,0,BCI,1995
Schizolobium parahyba,2,BCI,1995
Senna dariensis,1,BCI,1995
Simarouba amara,289,BCI,1995
Siparuna guianensis,13,BCI,1995
Siparuna pauciflora,16,BCI,1995
Sloanea terniflora,79,BCI,1995
Socratea exorrhiza,346,BCI,1995
Solanum hayesii,12,BCI,1995
Sorocea affinis,28,BCI,1995
Spachea membranacea,8,BCI,1995
Spondias mombin,29,BCI,1995
Spondias radlkoferi,63,BCI,1995
Stemmadenia grandiflora,0,BCI,1995
Sterculia apetala,26,BCI,1995
Stylogyne turbacensis,0,BCI,1995
Swartzia simplex_var.grandiflora,219,BCI,1995
Swartzia simplex_var.ochnacea,117,BCI,1995
Symphonia globulifera,26,BCI,1995
Tabebuia guayacan,31,BCI,1995
Tabebuia rosea,69,BCI,1995
Tabernaemontana arborea,323,BCI,1995
Tachigali versicolor,98,BCI,1995
Talisia nervosa,1,BCI,1995
Talisia princeps,3,BCI,1995
Terminalia amazonia,28,BCI,1995
Terminalia oblonga,43,BCI,1995
Ternstroemia tepezapote,0,BCI,1995
Tetragastris panamensis,379,BCI,1995
Tetrathylacium johansenii,7,BCI,1995
Theobroma cacao,12,BCI,1995
Thevetia ahouai,2,BCI,1995
Tocoyena pittieri,5,BCI,1995
Trattinnickia aspera,40,BCI,1995
Trema micrantha,15,BCI,1995
Trichanthera gigantea,2,BCI,1995
Trichilia pallida,82,BCI,1995
Trichilia tuberculata,1681,BCI,1995
Trichospermum galeottii,1,BCI,1995
Triplaris cumingiana,147,BCI,1995
Trophis caucana,33,BCI,1995
Trophis racemosa,32,BCI,1995
Turpinia occidentalis,58,BCI,1995
Unonopsis pittieri,163,BCI,1995
Virola multiflora,24,BCI,1995
Virola sebifera,615,BCI,1995
Virola surinamensis,167,BCI,1995
Vismia baccifera,1,BCI,1995
Vismia macrophylla,0,BCI,1995
Vochysia ferruginea,12,BCI,1995
Xylopia macrantha,143,BCI,1995
Zanthoxylum acuminatum,44,BCI,1995
Zanthoxylum ekmanii,149,BCI,1995
Zanthoxylum panamense,68,BCI,1995
Zanthoxylum setulosum,1,BCI,1995
Zuelania guidonia,10,BCI,1995
(annonaceae) sp.1,0,Cocoli,1994
Acacia melanoceras,0,Cocoli,1994
Acalypha diversifolia,0,Cocoli,1994
Acalypha macrostachya,0,Cocoli,1994
Adelia triloba,1,Cocoli,1994
Aegiphila panamensis,0,Cocoli,1994
Albizia adinocephala,9,Cocoli,1994
Albizia procera,0,Cocoli,1994
Alchornea costaricensis,1,Cocoli,1994
Alibertia edulis,0,Cocoli,1994
Alseis blackiana,2,Cocoli,1994
Amaioua corymbosa,0,Cocoli,1994
Anacardium excelsum,125,Cocoli,1994
Andira inermis,14,Cocoli,1994
Annona hayesii,0,Cocoli,1994
Annona purpurea,4,Cocoli,1994
Annona spraguei,5,Cocoli,1994
Aphelandra scabra,0,Cocoli,1994
Ardisia revoluta,2,Cocoli,1994
Astronium graveolens,36,Cocoli,1994
Attalea butyracea,35,Cocoli,1994
Bactris barronis,0,Cocoli,1994
Bactris coloradonis,0,Cocoli,1994
Bactris major,0,Cocoli,1994
Banara guianensis,0,Cocoli,1994
Brosimum alicastrum,30,Cocoli,1994
Bunchosia odorata,1,Cocoli,1994
Bursera simaruba,13,Cocoli,1994
Calycolpus warszewiczianus,1,Cocoli,1994
Calycophyllum candidissimum,96,Cocoli,1994
Capparis frondosa,0,Cocoli,1994
Casearia arborea,0,Cocoli,1994
Casearia arguta,0,Cocoli,1994
Casearia commersoniana,5,Cocoli,1994
Casearia guianensis,3,Cocoli,1994
Casearia sylvestris,0,Cocoli,1994
Cassia moschata,1,Cocoli,1994
Cassipourea elliptica,1,Cocoli,1994
Cavanillesia platanifolia,38,Cocoli,1994
Cecropia longipes,5,Cocoli,1994
Cecropia obtusifolia,1,Cocoli,1994
Cecropia peltata,1,Cocoli,1994
Cedrela odorata,6,Cocoli,1994
Chomelia spinosa,0,Cocoli,1994
Chrysophyllum argenteum,0,Cocoli,1994
Chrysophyllum cainito,6,Cocoli,1994
Cinnamomum cinnamomifolia,1,Cocoli,1994
Clavija mezii,0,Cocoli,1994
Coccoloba padiformis,4,Cocoli,1994
Cojoba rufescens,2,Cocoli,1994
Colubrina glandulosa,2,Cocoli,1994
Colubrina heteroneura,0,Cocoli,1994
Copaifera aromatica,5,Cocoli,1994
Cordia alliodora,2,Cocoli,1994
Coussarea curvigemmia,10,Cocoli,1994
Cryosophila warscewiczii,2,Cocoli,1994
Cupania cinerea,0,Cocoli,1994
Cupania latifolia,0,Cocoli,1994
Cupania rufescens,0,Cocoli,1994
Cupania scrobiculata,0,Cocoli,1994
Cupania sylvatica,4,Cocoli,1994
Dalbergia retusa,8,Cocoli,1994
Dendropanax arboreus,4,Cocoli,1994
Diphysa americana,1,Cocoli,1994
Elaeis oleifera,31,Cocoli,1994
Erythroxylum panamense,0,Cocoli,1994
Eugenia coloradoensis,3,Cocoli,1994
Eugenia principium,0,Cocoli,1994
Eugenia salamensis,4,Cocoli,1994
Faramea occidentalis,15,Cocoli,1994
Ficus bullenei,1,Cocoli,1994
Ficus citrifolia,1,Cocoli,1994
Ficus insipida,6,Cocoli,1994
Ficus maxima,1,Cocoli,1994
Fissicalyx fendleri,0,Cocoli,1994
Genipa americana,0,Cocoli,1994
Guarea glabra,45,Cocoli,1994
Guarea grandifolia,0,Cocoli,1994
Guazuma ulmifolia,1,Cocoli,1994
Heisteria concinna,13,Cocoli,1994
Hirtella americana,2,Cocoli,1994
Hirtella racemosa,0,Cocoli,1994
Hymenaea courbaril,1,Cocoli,1994
Inga laurina,9,Cocoli,1994
Inga punctata,0,Cocoli,1994
Inga vera,2,Cocoli,1994
Ixora floribunda,3,Cocoli,1994
Jacaranda caucana,1,Cocoli,1994
Lacistema aggregatum,2,Cocoli,1994
Lafoensia punicifolia,0,Cocoli,1994
Lindackeria laurina,0,Cocoli,1994
Lonchocarpus heptaphyllus,0,Cocoli,1994
Luehea seemannii,2,Cocoli,1994
Luehea speciosa,1,Cocoli,1994
Maclura tinctoria,1,Cocoli,1994
Macrocnemum roseum,5,Cocoli,1994
Mangifera indica,1,Cocoli,1994
Margaritaria nobilis,0,Cocoli,1994
Matayba glaberrima,1,Cocoli,1994
Miconia argentea,0,Cocoli,1994
Miconia impetiolaris,0,Cocoli,1994
Miconia minutiflora,0,Cocoli,1994
Myrcia gatunensis,0,Cocoli,1994
Myriocarpa longipes,1,Cocoli,1994
Myrospermum frutescens,0,Cocoli,1994
Nectandra lineata,1,Cocoli,1994
Nectandra martinicensis,1,Cocoli,1994
Neea delicatula,3,Cocoli,1994
Neea sp.2,1,Cocoli,1994
Ochroma pyramidale,1,Cocoli,1994
Ocotea rubrinervis,0,Cocoli,1994
Oenocarpus mapora,0,Cocoli,1994
Ormosia macrocalyx,2,Cocoli,1994
Ouratea lucens,0,Cocoli,1994
Pachira quinata,1,Cocoli,1994
Pachira sessilis,1,Cocoli,1994
Palicourea guianensis,0,Cocoli,1994
Pavonia dasypetala,0,Cocoli,1994
Picramnia latifolia,0,Cocoli,1994
Piper aequale,0,Cocoli,1994
Piper arboreum,0,Cocoli,1994
Piper cordulatum,0,Cocoli,1994
Piper culebranum,0,Cocoli,1994
Piper grande,0,Cocoli,1994
Piper hispidum,0,Cocoli,1994
Piper reticulatum,0,Cocoli,1994
Pittoniotis trichantha,63,Cocoli,1994
Posoqueria latifolia,16,Cocoli,1994
Pouteria campechiana,13,Cocoli,1994
Prockia crucis,0,Cocoli,1994
Protium tenuifolium,35,Cocoli,1994
Pseudobombax septenatum,9,Cocoli,1994
Psychotria acuminata,0,Cocoli,1994
Psychotria grandis,0,Cocoli,1994
Psychotria horizontalis,0,Cocoli,1994
Psychotria marginata,0,Cocoli,1994
Rauvolfia littoralis,2,Cocoli,1994
Rinorea lindeniana,0,Cocoli,1994
Rosenbergiodendron formosum,0,Cocoli,1994
Sapindus saponaria,1,Cocoli,1994
Schefflera morototoni,0,Cocoli,1994
Senna dariensis,0,Cocoli,1994
Siparuna pauciflora,0,Cocoli,1994
Sloanea terniflora,2,Cocoli,1994
Solanum extensum,0,Cocoli,1994
Solanum hayesii,0,Cocoli,1994
Sorocea affinis,1,Cocoli,1994
Spondias mombin,15,Cocoli,1994
Spondias radlkoferi,2,Cocoli,1994
Stemmadenia grandiflora,3,Cocoli,1994
Sterculia apetala,2,Cocoli,1994
Stylogyne turbacensis,0,Cocoli,1994
Swartzia simplex_var.grandiflora,36,Cocoli,1994
Swartzia simplex_var.ochnacea,3,Cocoli,1994
Swietenia macrophylla,1,Cocoli,1994
Tabebuia rosea,3,Cocoli,1994
Terminalia amazonia,1,Cocoli,1994
Terminalia oblonga,1,Cocoli,1994
Ternstroemia tepezapote,0,Cocoli,1994
Tetrathylacium johansenii,1,Cocoli,1994
Thevetia ahouai,0,Cocoli,1994
Trichilia hirta,13,Cocoli,1994
Trichilia martiana,0,Cocoli,1994
Trichilia pleeana,184,Cocoli,1994
Trichilia tuberculata,0,Cocoli,1994
Trichospermum galeottii,0,Cocoli,1994
Triplaris cumingiana,17,Cocoli,1994
Trophis racemosa,0,Cocoli,1994
Turnera panamensis,0,Cocoli,1994
Unidentified (howard)sp.2,0,Cocoli,1994
Vernonanthura patens,0,Cocoli,1994
Vitex cooperi,3,Cocoli,1994
Xylopia frutescens,2,Cocoli,1994
Zanthoxylum acuminatum,0,Cocoli,1994
Zanthoxylum panamense,0,Cocoli,1994
Zuelania guidonia,4,Cocoli,1994
Abarema barbouriana,5,Sherman,1996
Acacia melanoceras,0,Sherman,1996
Acalypha diversifolia,0,Sherman,1996
Aegiphila panamensis,0,Sherman,1996
Alchornea latifolia,15,Sherman,1996
Alchornea sp.3,13,Sherman,1996
Alibertia edulis,0,Sherman,1996
Amaioua corymbosa,6,Sherman,1996
Andira inermis,10,Sherman,1996
Annona spraguei,4,Sherman,1996
Apeiba aspera,39,Sherman,1996
Apeiba tibourbou,6,Sherman,1996
Aphelandra sinclairiana,0,Sherman,1996
Ardisia bartlettii,0,Sherman,1996
Ardisia fendleri,0,Sherman,1996
Ardisia guianensis,0,Sherman,1996
Ardisia sp.5,3,Sherman,1996
Ardisia sp.6,0,Sherman,1996
Aspidosperma spruceanum,80,Sherman,1996
Aulomyrcia zetekiana,0,Sherman,1996
Bactris barronis,0,Sherman,1996
Bactris coloniata,1,Sherman,1996
Bactris coloradonis,0,Sherman,1996
Bactris major,0,Sherman,1996
Bactris panamensis,0,Sherman,1996
Beilschmiedia pendula,13,Sherman,1996
Bertiera guianensis,0,Sherman,1996
Brosimum guianense,25,Sherman,1996
Brosimum utile,161,Sherman,1996
Byrsonima spicata,5,Sherman,1996
Calophyllum longifolium,29,Sherman,1996
Carapa guianensis,21,Sherman,1996
Casearia arborea,0,Sherman,1996
Casearia commersoniana,11,Sherman,1996
Casearia sylvestris,8,Sherman,1996
Cassipourea elliptica,8,Sherman,1996
Cecropia insignis,8,Sherman,1996
Cecropia obtusifolia,0,Sherman,1996
Cecropia peltata,0,Sherman,1996
Cespedesia spathulata,27,Sherman,1996
Cestrum megalophyllum,0,Sherman,1996
Chamguava schippii,0,Sherman,1996
Chrysophyllum argenteum,11,Sherman,1996
Cinnamomum cinnamomifolium,2,Sherman,1996
Clavija costaricana,0,Sherman,1996
Clidemia densiflora,0,Sherman,1996
Clidemia sp.1,0,Sherman,1996
Coccoloba manzinellensis,0,Sherman,1996
Coccoloba padiformis,1,Sherman,1996
Conostegia bracteata,0,Sherman,1996
Conostegia sp.1,0,Sherman,1996
Cordia bicolor,40,Sherman,1996
Cordia panamensis,0,Sherman,1996
Cremastosperma panamense,0,Sherman,1996
Crossopetalum parviflorum,0,Sherman,1996
Cupania scrobiculata,20,Sherman,1996
Cupania sylvatica,0,Sherman,1996
Cyathea petiolata,0,Sherman,1996
Cymbopetalum lanugipetalum,0,Sherman,1996
Dendropanax arboreus,71,Sherman,1996
Desmopsis panamensis,0,Sherman,1996
Diospyros artanthifolia,7,Sherman,1996
Discophora guianensis,0,Sherman,1996
Dussia sp.1,27,Sherman,1996
Erythrina costaricensis,0,Sherman,1996
Erythroxylum citrifolium,1,Sherman,1996
Erythroxylum macrophyllum,0,Sherman,1996
Eugenia coloradoensis,0,Sherman,1996
Eugenia sp.5,1,Sherman,1996
Eugenia sp.6,4,Sherman,1996
Euterpe precatoria,4,Sherman,1996
Faramea luteovirens,0,Sherman,1996
Faramea multiflora,0,Sherman,1996
Faramea occidentalis,2,Sherman,1996
Ficus bullenei,0,Sherman,1996
Ficus citrifolia,1,Sherman,1996
Ficus insipida,0,Sherman,1996
Ficus maxima,1,Sherman,1996
Ficus nymphaeifolia,0,Sherman,1996
Ficus sp.3,0,Sherman,1996
Ficus sp.6,0,Sherman,1996
Ficus tonduzii,1,Sherman,1996
Garcinia madruno,43,Sherman,1996
Geonoma congesta,0,Sherman,1996
Geonoma cuneata,0,Sherman,1996
Geonoma deversa,0,Sherman,1996
Geonoma interrupta,0,Sherman,1996
Grias cauliflora,0,Sherman,1996
Guarea 'fuzzy',0,Sherman,1996
Guarea 'sherman',7,Sherman,1996
Guarea grandifolia,0,Sherman,1996
Guarea guidonia,1,Sherman,1996
Guatteria amplifolia,1,Sherman,1996
Guatteria dumetorum,62,Sherman,1996
Gustavia fosteri,0,Sherman,1996
Gustavia superba,2,Sherman,1996
Hampea appendiculata,1,Sherman,1996
Heisteria acuminata,9,Sherman,1996
Heisteria concinna,3,Sherman,1996
Henriettea succosa,3,Sherman,1996
Herrania pulcherrima.aff,0,Sherman,1996
Herrania purpurea,0,Sherman,1996
Hieronyma alchorneoides,0,Sherman,1996
Hirtella racemosa,0,Sherman,1996
Hirtella triandra,0,Sherman,1996
Humiriastrum diguense,5,Sherman,1996
Hymenolobium mesoamericanum,1,Sherman,1996
Inga cocleensis,39,Sherman,1996
Inga goldmanii,3,Sherman,1996
Inga multijuga,20,Sherman,1996
Inga nobilis,2,Sherman,1996
Inga pezizifera,155,Sherman,1996
Inga sertulifera,1,Sherman,1996
Inga spectabilis,2,Sherman,1996
Jacaranda copaia,278,Sherman,1996
Jacaratia spinosa,3,Sherman,1996
Lacistema aggregatum,5,Sherman,1996
Lacmellea panamensis,14,Sherman,1996
Laetia procera,5,Sherman,1996
Laetia thamnia,0,Sherman,1996
Leandra granatensis,0,Sherman,1996
Licania hypoleuca,15,Sherman,1996
Lonchocarpus heptaphyllus,3,Sherman,1996
Lozania pittieri,6,Sherman,1996
Manilkara bidentata,63,Sherman,1996
Maquira guianensis,14,Sherman,1996
Maranthes panamensis,18,Sherman,1996
Marila laxiflora,129,Sherman,1996
Matayba apetala,14,Sherman,1996
Maytenus schippii,1,Sherman,1996
Meliosma glabrata,3,Sherman,1996
Miconia affinis,0,Sherman,1996
Miconia argentea,1,Sherman,1996
Miconia elata,11,Sherman,1996
Miconia ligulata,2,Sherman,1996
Miconia minutiflora,91,Sherman,1996
Miconia multispicata,3,Sherman,1996
Miconia nervosa,0,Sherman,1996
Miconia prasina,0,Sherman,1996
Miconia serrulata,0,Sherman,1996
Miconia simplex,1,Sherman,1996
Miconia sp.3,2,Sherman,1996
Miconia sp.5,1,Sherman,1996
Mollinedia darienensis,0,Sherman,1996
Mortoniodendron anisophyllum,20,Sherman,1996
Mosannona garwoodii,1,Sherman,1996
Mouriri myrtilloides,0,Sherman,1996
Myrcia gatunensis,23,Sherman,1996
Myrciaria sp.2,5,Sherman,1996
Nectandra purpurea,16,Sherman,1996
Neea amplifolia,0,Sherman,1996
Neea delicatula,0,Sherman,1996
Ochroma pyramidale,0,Sherman,1996
Ocotea cernua,0,Sherman,1996
Ocotea dendrodaphne,20,Sherman,1996
Ocotea insularis,28,Sherman,1996
Ocotea oblonga,0,Sherman,1996
Ocotea puberula,0,Sherman,1996
Ocotea sp.5,0,Sherman,1996
Ocotea whitei,1,Sherman,1996
Oenocarpus mapora,65,Sherman,1996
Ormosia coccinea,4,Sherman,1996
Ouratea prominens,0,Sherman,1996
Oxandra longipetala,0,Sherman,1996
Palicourea guianensis,0,Sherman,1996
Pentagonia macrophylla,0,Sherman,1996
Pera arborea,68,Sherman,1996
Perebea xanthochyma,114,Sherman,1996
Phyllanthus acuminatus,0,Sherman,1996
Picramnia latifolia,0,Sherman,1996
Piper aequale,0,Sherman,1996
Piper arboreum,0,Sherman,1996
Piper augustum,0,Sherman,1996
Piper auritum,0,Sherman,1996
Piper colonense,0,Sherman,1996
Piper cordulatum,0,Sherman,1996
Piper sp.5,0,Sherman,1996
Posoqueria latifolia,0,Sherman,1996
Poulsenia armata,11,Sherman,1996
Pourouma bicolor,36,Sherman,1996
Pouteria reticulata,11,Sherman,1996
Pouteria sp.4,0,Sherman,1996
Prestoea decurrens,0,Sherman,1996
Protium glabrum,0,Sherman,1996
Protium panamense,110,Sherman,1996
Protium tenuifolium,0,Sherman,1996
Pseudolmedia spuria,0,Sherman,1996
Psychotria brachybotrya,0,Sherman,1996
Psychotria chagrensis,0,Sherman,1996
Psychotria deflexa,0,Sherman,1996
Psychotria elata,0,Sherman,1996
Psychotria erecta,0,Sherman,1996
Psychotria poeppigiana,0,Sherman,1996
Psychotria suerrensis,0,Sherman,1996
Pterocarpus rohrii,1,Sherman,1996
Quiina schippii,4,Sherman,1996
Randia armata,0,Sherman,1996
Sapium 'broadleaf',3,Sherman,1996
Saurauia yasicae,5,Sherman,1996
Schefflera morototoni,44,Sherman,1996
Schizolobium parahyba,2,Sherman,1996
Simarouba amara,86,Sherman,1996
Siparuna pauciflora,0,Sherman,1996
Sloanea meianthera,49,Sherman,1996
Sloanea terniflora,1,Sherman,1996
Socratea exorrhiza,290,Sherman,1996
Sorocea affinis,0,Sherman,1996
Spondias radlkoferi,0,Sherman,1996
Swartzia simplex_var.grandiflora,0,Sherman,1996
Swartzia simplex_var.ochnacea,0,Sherman,1996
Symphonia globulifera,11,Sherman,1996
Synechanthus warscewiczianus,0,Sherman,1996
Tabernaemontana arborea,7,Sherman,1996
Tachigali versicolor,9,Sherman,1996
Tapirira guianensis,151,Sherman,1996
Terminalia amazonia,3,Sherman,1996
Tetrorchidium gorgonae,18,Sherman,1996
Theobroma bernoullii,64,Sherman,1996
Tocoyena pittieri,10,Sherman,1996
Tovomita longifolia,123,Sherman,1996
Tovomita stylosa,5,Sherman,1996
Trattinnickia aspera,28,Sherman,1996
Trichilia tuberculata,3,Sherman,1996
Trichospermum galeottii,5,Sherman,1996
Turpinia occidentalis,2,Sherman,1996
Unidentified (sherman),0,Sherman,1996
Unonopsis panamensis,5,Sherman,1996
Vantanea depleta,13,Sherman,1996
Virola elongata,35,Sherman,1996
Virola multiflora,42,Sherman,1996
Virola sebifera,65,Sherman,1996
Virola surinamensis,7,Sherman,1996
Vismia baccifera,0,Sherman,1996
Vismia macrophylla,31,Sherman,1996
Vochysia ferruginea,77,Sherman,1996
Xylopia macrantha,24,Sherman,1996
Zanthoxylum acuminatum,0,Sherman,1996
Zanthoxylum panamense,0,Sherman,1996
Aeschynomene americana,0,Luqillo,1995
Alchornea floribunda,285,Luqillo,1995
Alchornea latifolia,736,Luqillo,1995
Andira inermis,145,Luqillo,1995
Antirhea obtusifolia,13,Luqillo,1995
Ardisia obovata,124,Luqillo,1995
Artocarpus altilis,21,Luqillo,1995
Beilschmiedia pendula,1,Luqillo,1995
Brunfelsia portoricensis,1,Luqillo,1995
Buchenavia tetraphylla,187,Luqillo,1995
Byrsonima spicata,390,Luqillo,1995
Byrsonima wadsworthii,39,Luqillo,1995
Calophyllum calaba,60,Luqillo,1995
Calycogonium squamulosum,35,Luqillo,1995
Casearia arborea,"3,492",Luqillo,1995
Casearia decandra,9,Luqillo,1995
Casearia sylvestris,"1,820",Luqillo,1995
Cassipourea guianensis,94,Luqillo,1995
Cecropia schreberiana,"4,905",Luqillo,1995
Ceiba pentandra,2,Luqillo,1995
Cestrum macrophyllum,6,Luqillo,1995
Chionanthus domingensis,233,Luqillo,1995
Chione venosa,11,Luqillo,1995
Chrysophyllum argenteum,8,Luqillo,1995
Citharexylum caudatum,3,Luqillo,1995
Citharexylum fruticosum,25,Luqillo,1995
Citrus paradisi,1,Luqillo,1995
Clibadium erosum,0,Luqillo,1995
Clusia clusioides,0,Luqillo,1995
Clusia rosea,3,Luqillo,1995
Coccoloba diversifolia,100,Luqillo,1995
Coccoloba pyrifolia,84,Luqillo,1995
Coccoloba swartzii,3,Luqillo,1995
Coffea arabica,31,Luqillo,1995
Comocladia glabra,73,Luqillo,1995
Cordia borinquensis,"1,128",Luqillo,1995
Cordia sulcata,226,Luqillo,1995
Croton poecilanthus,136,Luqillo,1995
Cupania americana,1,Luqillo,1995
Cyrilla racemiflora,19,Luqillo,1995
Dacryodes excelsa,"1,650",Luqillo,1995
Daphnopsis philippiana,6,Luqillo,1995
Dendropanax arboreus,221,Luqillo,1995
Ditta myricoides,1,Luqillo,1995
Drypetes glauca,376,Luqillo,1995
Eugenia domingensis,12,Luqillo,1995
Eugenia eggersii,14,Luqillo,1995
Eugenia stahlii,628,Luqillo,1995
Faramea occidentalis,243,Luqillo,1995
Ficus citrifolia,65,Luqillo,1995
Ficus sintensii,7,Luqillo,1995
Garcinia portoricensis,51,Luqillo,1995
Genipa americana,5,Luqillo,1995
Gonzalagunia spicata,212,Luqillo,1995
Guarea glabra,351,Luqillo,1995
Guarea guidonia,576,Luqillo,1995
Guatteria caribaea,200,Luqillo,1995
Guazuma ulmifolia,1,Luqillo,1995
Guettarda valenzuelana,193,Luqillo,1995
Hamelia axillaris,0,Luqillo,1995
Henriettea fascicularis,10,Luqillo,1995
Heterotrichum cymosum,0,Luqillo,1995
Hibiscus pernambucensis,25,Luqillo,1995
Hirtella rugosa,802,Luqillo,1995
Homalium racemosum,260,Luqillo,1995
Ilex sideroxyloides,1,Luqillo,1995
Inga laurina,"1,272",Luqillo,1995
Inga vera,196,Luqillo,1995
Ixora ferrea,293,Luqillo,1995
Laetia procera,239,Luqillo,1995
Lonchocarpus latifolius,6,Luqillo,1995
Ludwigia octovalvis,0,Luqillo,1995
Magnolia splendens,1,Luqillo,1995
Malpighia fucata,7,Luqillo,1995
Mangifera indica,4,Luqillo,1995
Manilkara bidentata,"1,653",Luqillo,1995
Margaritaria nobilis,21,Luqillo,1995
Matayba domingensis,294,Luqillo,1995
Maytenus elongata,9,Luqillo,1995
Meliosma herbertii,135,Luqillo,1995
Miconia impetiolaris,125,Luqillo,1995
Miconia laevigata,14,Luqillo,1995
Miconia mirabilis,21,Luqillo,1995
Miconia prasina,"1,215",Luqillo,1995
Miconia racemosa,34,Luqillo,1995
Miconia tetrandra,199,Luqillo,1995
Micropholis garciniifolia,53,Luqillo,1995
Micropholis guyanensis,10,Luqillo,1995
Myrcia deflexa,477,Luqillo,1995
Myrcia leptoclada,178,Luqillo,1995
Myrcia splendens,315,Luqillo,1995
Myrsine coriacea,1,Luqillo,1995
Nectandra antillana,1,Luqillo,1995
Nephelea portoricensis,1,Luqillo,1995
Ochroma pyramidale,2,Luqillo,1995
Ocotea floribunda,12,Luqillo,1995
Ocotea leucoxylon,801,Luqillo,1995
Ocotea moschata,17,Luqillo,1995
Ocotea portoricensis,2,Luqillo,1995
Ocotea sintenisii,184,Luqillo,1995
Ocotea spathulata,2,Luqillo,1995
Ormosia krugii,179,Luqillo,1995
Oxandra laurifolia,4,Luqillo,1995
Palicourea croceoides,4,Luqillo,1995
Palicourea riparia,"13,287",Luqillo,1995
Phytolacca rivinoides,0,Luqillo,1995
Piper aduncum,5,Luqillo,1995
Piper amalago,103,Luqillo,1995
Piper blattarum,8,Luqillo,1995
Piper glabrescens,"2,073",Luqillo,1995
Piper hispidum,112,Luqillo,1995
Piper jacquemontianum,2,Luqillo,1995
Piper umbellatum,0,Luqillo,1995
Pisonia subcordata,1,Luqillo,1995
Pluchea symphytifolia,0,Luqillo,1995
Prestoea acuminata,"5,706",Luqillo,1995
Pseudolmedia spuria,126,Luqillo,1995
Psychotria berteriana,"6,497",Luqillo,1995
Psychotria brachiata,"2,264",Luqillo,1995
Psychotria deflexa,22,Luqillo,1995
Psychotria grandis,11,Luqillo,1995
Pterocarpus officinalis,4,Luqillo,1995
Quararibea turbinata,1,Luqillo,1995
Rondeletia portoricensis,7,Luqillo,1995
Roystonea borinquena,43,Luqillo,1995
Samyda spinulosa,93,Luqillo,1995
Sapium laurocerasus,225,Luqillo,1995
Schefflera morototoni,"2,677",Luqillo,1995
Simarouba glauca,5,Luqillo,1995
Sloanea berteriana,"3,216",Luqillo,1995
Solanum rugosum,1,Luqillo,1995
Solanum torvum,3,Luqillo,1995
Spathodea campanulata,2,Luqillo,1995
Swietenia macrophylla,6,Luqillo,1995
Symplocos martinicensis,21,Luqillo,1995
Syzygium jambos,89,Luqillo,1995
Tabebuia heterophylla,730,Luqillo,1995
Ternstroemia luquillensis,0,Luqillo,1995
Tetragastris balsamifera,560,Luqillo,1995
Trema micrantha,29,Luqillo,1995
Trichilia pallida,810,Luqillo,1995
Turpinia occidentalis,3,Luqillo,1995
Urera baccifera,337,Luqillo,1995
Vitex divaricata,1,Luqillo,1995
Wallenia pendula,4,Luqillo,1995
Xylosma schwaneckeanum,1,Luqillo,1995
Zanthoxylum martinicense,39,Luqillo,1995
Acalypha platyphylla,1,La Planada,1997
Acalypha sp_1,8,La Planada,1997
Aegiphila novogranatensis,46,La Planada,1997
Aiphanes erinacea,3286,La Planada,1997
Alchornea coelophylla,356,La Planada,1997
Alchornea sp_1,95,La Planada,1997
Alchornea triplinervia,2030,La Planada,1997
Allophylus excelsus,228,La Planada,1997
Alloplectus schultzei,336,La Planada,1997
Alsophila engelii,179,La Planada,1997
Alsophila erinacea,120,La Planada,1997
Aniba megaphylla,81,La Planada,1997
Aniba parviflora,254,La Planada,1997
Aniba puchury-minor,249,La Planada,1997
Aniba sp_3,5,La Planada,1997
Axinaea sodiroi,12,La Planada,1997
Banara guianensis,95,La Planada,1997
Bathysa obovata,726,La Planada,1997
Beilschmiedia alloiophylla,1384,La Planada,1997
Besleria solanoides,1281,La Planada,1997
Besleria sp_1,10,La Planada,1997
Billia rosea,1697,La Planada,1997
Blakea eriocalyx,102,La Planada,1997
Blakea punctulata,4,La Planada,1997
Blakea sp_1,39,La Planada,1997
Boehmeria caudata,3,La Planada,1997
Brugmansia candida,4,La Planada,1997
Brunellia sp_1,16,La Planada,1997
Bunchosia sp_1,7,La Planada,1997
Calatola costaricensis,1390,La Planada,1997
Carapa guianensis,1081,La Planada,1997
Carica microcarpa,33,La Planada,1997
Casearia zahlbruckneri,153,La Planada,1997
Cecropia angustifolia,27,La Planada,1997
Cecropia bullata,67,La Planada,1997
Cecropia monostachya,692,La Planada,1997
Cedrela montana,4,La Planada,1997
Cedrelinga sp_1,78,La Planada,1997
Centronia ruizii,433,La Planada,1997
Cestrum megalophyllum,227,La Planada,1997
Cestrum ochraceum,168,La Planada,1997
Cestrum sp_3,12,La Planada,1997
Chamaedorea linearis,33,La Planada,1997
Chamaedorea pinnatifrons,865,La Planada,1997
Chrysochlamys sp_1,134,La Planada,1997
Cinchona asperifolia,1,La Planada,1997
Cinnamomum triplinerve,1,La Planada,1997
Clavija laplanadae,48,La Planada,1997
Clethra fagifolia,3,La Planada,1997
Clusia sp_1,412,La Planada,1997
Conostegia apiculata,1176,La Planada,1997
Cordia cylindrostachya,286,La Planada,1997
Cordia cymosa,13,La Planada,1997
Couepia platycalyx,236,La Planada,1997
Coussapoa parviceps,1,La Planada,1997
Critoniopsis occidentalis,446,La Planada,1997
Cupania sp_1,101,La Planada,1997
Cyathea caracasana,1102,La Planada,1997
Cyathea halonata,42,La Planada,1997
Cyathea planadae,4939,La Planada,1997
Cyathea sp_10,3,La Planada,1997
Cyathea sp_5,62,La Planada,1997
Cyathea ulei,154,La Planada,1997
Cybianthus sprucei,474,La Planada,1997
Cyphomandra hartwegii,35,La Planada,1997
Dacryodes sp_1,1,La Planada,1997
Daphnopsis anomala,80,La Planada,1997
Dendropanax macrocarpus,4,La Planada,1997
Dendrophorbium chingualense,3,La Planada,1997
Deprea sp_1,3,La Planada,1997
Dicksonia sellowiana,167,La Planada,1997
Dussia lehmannii,647,La Planada,1997
Elaeagia sp_2,1,La Planada,1997
Elaeagia utilis,4254,La Planada,1997
Erato vulcanica,2,La Planada,1997
Erythrina sp_1,15,La Planada,1997
Eschweilera caudiculata,1260,La Planada,1997
Eugenia anastomosans,1079,La Planada,1997
Eugenia sp_2,294,La Planada,1997
Faramea calyptrata,1724,La Planada,1997
Faramea coffeoides,17196,La Planada,1997
Faramea oblongifolia,2369,La Planada,1997
Faramea sp_4,214,La Planada,1997
Faramea sp_5,1053,La Planada,1997
Ficus andicola,421,La Planada,1997
Ficus apollinaris,31,La Planada,1997
Ficus caldasiana,4,La Planada,1997
Ficus cervantesiana,135,La Planada,1997
Ficus cuatrecasana,10,La Planada,1997
Ficus sp_1,298,La Planada,1997
Ficus sp_5,35,La Planada,1997
Ficus sp_8,1,La Planada,1997
Ficus subandina,19,La Planada,1997
Ficus tonduzii,13,La Planada,1997
Freziera sp_1,1,La Planada,1997
Fuchsia macrostigma,16,La Planada,1997
Garcinia intermedia,1,La Planada,1997
Gasteranthus sp_1,2,La Planada,1997
Geissanthus bogotensis,10,La Planada,1997
Geissanthus occidentalis,346,La Planada,1997
Geonoma undata,959,La Planada,1997
Gonzalagunia sp_1,1,La Planada,1997
Graffenrieda cucullata,12,La Planada,1997
Guarea glabra,161,La Planada,1997
Guatteria chocoensis,645,La Planada,1997
Guettarda crispiflora,2,La Planada,1997
Gymnosporia gentryi,132,La Planada,1997
Henriettea ramiflora,1318,La Planada,1997
Hillia macrophylla,1,La Planada,1997
Hyeronima oblonga,2394,La Planada,1997
Ilex yurumanguinis,73,La Planada,1997
Indefinido sp_17,11,La Planada,1997
Inga multicaulis,5,La Planada,1997
Inga ruiziana,1961,La Planada,1997
Inga sp_1,923,La Planada,1997
Inga sp_4,1079,La Planada,1997
Inga villosissima,183,La Planada,1997
Ladenbergia macrocarpa,224,La Planada,1997
Laetia procera,20,La Planada,1997
Leandra sp_1,9,La Planada,1997
Licania veneralensis,399,La Planada,1997
Lozania mutisiana,7,La Planada,1997
Macrocarpaea sp_1,1,La Planada,1997
Macrolobium colombianum,1733,La Planada,1997
Markea pilosa,5,La Planada,1997
Matayba sp_1,8,La Planada,1997
Matisia bolivarii,1710,La Planada,1997
Meliosma sp_1,46,La Planada,1997
Meliosma sp_2,10,La Planada,1997
Meriania hexamera,11,La Planada,1997
Meriania maxima,484,La Planada,1997
Meriania sp_1,7,La Planada,1997
Meriania tomentosa,1145,La Planada,1997
Miconia affinis,658,La Planada,1997
Miconia bella,663,La Planada,1997
Miconia laetivirens,231,La Planada,1997
Miconia lonchophylla,77,La Planada,1997
Miconia longifolia,1064,La Planada,1997
Miconia minutiflora,738,La Planada,1997
Miconia sp_10,8,La Planada,1997
Miconia sp_5,907,La Planada,1997
Miconia sp_8,375,La Planada,1997
Miconia theaezans,131,La Planada,1997
Morus insignis,156,La Planada,1997
Myrcia fallax,1354,La Planada,1997
Myrcia mollis,169,La Planada,1997
Myrcia multiflora,149,La Planada,1997
Myrcia sp_3,11,La Planada,1997
Myrcianthes rhopaloides,57,La Planada,1997
Naucleopsis naga,698,La Planada,1997
Nectandra lineata,76,La Planada,1997
Nectandra sp_1,22,La Planada,1997
Ocotea camphoromoea,187,La Planada,1997
Ocotea floccifera,2244,La Planada,1997
Ocotea hirtostyla,254,La Planada,1997
Ocotea karsteniana,3,La Planada,1997
Ocotea sp_2,368,La Planada,1997
Ocotea sp_3,256,La Planada,1997
Ocotea sp_4,332,La Planada,1997
Ocotea sp_5,181,La Planada,1997
Ocotea sp_7,14,La Planada,1997
Oreopanax confusus,9,La Planada,1997
Oreopanax sp_1,38,La Planada,1997
Ossaea sp_2,119,La Planada,1997
Ossaea sp_3,7,La Planada,1997
Otoba lehmannii,1981,La Planada,1997
Pachira patinoi,96,La Planada,1997
Palicourea demissa,84,La Planada,1997
Palicourea garciae,46,La Planada,1997
Palicourea gibbosa,7077,La Planada,1997
Palicourea pyramidalis,1,La Planada,1997
Palicourea sp_1,10,La Planada,1997
Palicourea sp_4,21,La Planada,1997
Palicourea sp_5,1,La Planada,1997
Palicourea standleyana,881,La Planada,1997
Palicourea stipularis,2126,La Planada,1997
Palicourea tamaensis,17,La Planada,1997
Panopsis suaveolens,29,La Planada,1997
Passiflora sp_1,19,La Planada,1997
Piper dichroostachyum,1,La Planada,1997
Piper imperialis,154,La Planada,1997
Piper longispicum,105,La Planada,1997
Piper sp_1,290,La Planada,1997
Piper sp_4,69,La Planada,1997
Piper sp_5,2,La Planada,1997
Pleurothyrium sp_1,33,La Planada,1997
Podandrogyne sp_1,6,La Planada,1997
Posoqueria coriacea,64,La Planada,1997
Pourouma bicolor,732,La Planada,1997
Pouteria sp_1,30,La Planada,1997
Prestoea acuminata,4352,La Planada,1997
Protium sp_1,1,La Planada,1997
Prunus recurviflora,180,La Planada,1997
Psammisia caloneura,3,La Planada,1997
Psammisia urichiana,1,La Planada,1997
Psidium ooideum,193,La Planada,1997
Psychotria allenii,972,La Planada,1997
Psychotria aubletiana,38,La Planada,1997
Psychotria rufiramea,29,La Planada,1997
Psychotria saltatrix,24,La Planada,1997
Psychotria sp_1,11,La Planada,1997
Psychotria sylvivaga,280,La Planada,1997
Rhodostemonodaphne sp_2,82,La Planada,1997
Rondeletia reflexa,42,La Planada,1997
Roupala obovata,1,La Planada,1997
Ruagea glabra,88,La Planada,1997
Salacia gigantea,855,La Planada,1997
Sapium laurifolium,3,La Planada,1997
Sapium stylare,96,La Planada,1997
Saurauia micayensis,80,La Planada,1997
Saurauia parviflora,1096,La Planada,1997
Saurauia sp_3,4,La Planada,1997
Schefflera lasiogyne,555,La Planada,1997
Schefflera sphaerocoma,11,La Planada,1997
Schefflera sp_2,190,La Planada,1997
Siparuna sp_2,13,La Planada,1997
Siparuna subscandens,733,La Planada,1997
Sloanea sp_1,129,La Planada,1997
Solanum deflexiflorum,62,La Planada,1997
Solanum lepidotum,85,La Planada,1997
Solanum nudum,104,La Planada,1997
Solanum sp_4,2,La Planada,1997
Spirotheca rhodostyla,45,La Planada,1997
Stephanopodium angulatum,489,La Planada,1997
Styrax guyanensis,90,La Planada,1997
Symplocos hiemalis,88,La Planada,1997
Tabernaemontana panamensis,109,La Planada,1997
Tetrorchidium macrophyllum,12,La Planada,1997
Topobea pittieri,43,La Planada,1997
Tournefortia gigantifolia,27,La Planada,1997
Trema macrophylla,3,La Planada,1997
Trichilia sp_1,509,La Planada,1997
Turpinia occidentalis,5,La Planada,1997
Unidentified Unidentified,817,La Planada,1997
Verbesina nudipes,1,La Planada,1997
Vismia mandurr,2,La Planada,1997
Vismia sp_1,289,La Planada,1997
Weinmannia sp_1,31,La Planada,1997
Weinmannia tomentosa,1,La Planada,1997
Wettinia kalbreyeri,18,La Planada,1997
Xanthosoma sp_1,63,La Planada,1997
